Size,Length_STD,Length_ADV,CR_STD,CR_ADV
2, 7334124, 3667062, 1.045585812293329, 2.091171624586658
3, 6417972, 3208986, 1.194840987152951, 2.389681974305902
4, 6812862, 3893064, 1.1255851065235138, 1.9697739364161493
5, 6360130, 3634360, 1.2057074305084958, 2.109988003389868
6, 5991314, 3423608, 1.279928910419317, 2.239875593233805
7, 5701990, 3258280, 1.344873631837306, 2.3535288557152856
8, 6219360, 3887100, 1.232997607470865, 1.9727961719533842
9, 5971952, 3732470, 1.284078639613982, 2.0545258233823716
10, 5740096, 3587560, 1.3359456009098105, 2.137512961455697
11, 5574048, 3483780, 1.3757427277267795, 2.201188364362847
12, 5419264, 3387040, 1.4150364329916387, 2.264058292786622
13, 5299104, 3311940, 1.447123136288701, 2.315397018061921
14, 5197744, 3248590, 1.4753431488738191, 2.3605490381981107
15, 5101216, 3188260, 1.5032603990891584, 2.405216638542653
16, 5641254, 3760836, 1.3593530800066793, 2.039029620010019
17, 5555988, 3703992, 1.380214644092104, 2.070321966138156
18, 5474394, 3649596, 1.4007862788100383, 2.1011794182150574
19, 5402412, 3601608, 1.4194504232553904, 2.1291756348830857
20, 5320350, 3546900, 1.441344272463278, 2.1620164086949165
21, 5246406, 3497604, 1.4616588956325531, 2.1924883434488294
22, 5169402, 3446268, 1.4834319327457992, 2.225147899118699
23, 5068908, 3379272, 1.5128418191847237, 2.2692627287770857
24, 5005944, 3337296, 1.5318701128098915, 2.2978051692148376
25, 4961394, 3307596, 1.5456252819268133, 2.31843792289022
26, 4919094, 3279396, 1.558916337032795, 2.3383745055491927
27, 4877352, 3251568, 1.572258061341482, 2.358387092012223
28, 4839228, 3226152, 1.5846444928819226, 2.3769667393228837
29, 4804200, 3202800, 1.5961983264643438, 2.3942974896965157
30, 4760046, 3173364, 1.6110045995353826, 2.416506899303074
31, 4726782, 3151188, 1.6223417961733797, 2.4335126942600693
32, 5215080, 3650556, 1.470438804390345, 2.1006268634147784
33, 5176660, 3623662, 1.481352068708395, 2.116217241011993
34, 5143760, 3600632, 1.4908269437143258, 2.129752776734751
35, 5112220, 3578554, 1.5000246468266232, 2.142892352609462
36, 5080920, 3556644, 1.509265251174984, 2.1560932159642627
37, 5053640, 3537548, 1.5174123997752116, 2.1677319996788738
38, 5026460, 3518522, 1.525617631494133, 2.179453759277333
39, 4998160, 3498712, 1.5342558061366582, 2.1917940087666548
40, 4970860, 3479602, 1.5426819504069718, 2.2038313577242454
41, 4947160, 3463012, 1.5500723647506853, 2.214389092500979
42, 4921380, 3444966, 1.5581922143788938, 2.225988877684134
43, 4897960, 3428572, 1.5656428390595267, 2.2366326272278956
44, 4873580, 3411506, 1.573474940392894, 2.24782134341842
45, 4850040, 3395028, 1.581111908355395, 2.2587312976505642
46, 4820780, 3374546, 1.5907085575363322, 2.272440796480475
47, 4798060, 3358642, 1.5982409557196033, 2.283201365313719
48, 4773200, 3341240, 1.6065649878488226, 2.2950928397840324
49, 4750520, 3325364, 1.6142350732130377, 2.306050104590054
50, 4731440, 3312008, 1.620744635882522, 2.3153494798321743
51, 4711860, 3298302, 1.6274795940456634, 2.3249708486366623
52, 4694520, 3286164, 1.6334909639324149, 2.3335585199034496
53, 4679000, 3275300, 1.6389091686257748, 2.3412988123225356
54, 4660680, 3262476, 1.6453513221246685, 2.3505018887495264
55, 4645220, 3251654, 1.6508273020438213, 2.358324717205459
56, 4630080, 3241056, 1.6562253783951897, 2.366036254850271
57, 4613000, 3229100, 1.6623576848038153, 2.374796692576879
58, 4597580, 3218306, 1.6679331300379765, 2.3827616143399664
59, 4582820, 3207974, 1.6733050828965572, 2.3904358327093673
60, 4564860, 3195402, 1.6798885398456909, 2.3998407712081296
61, 4551280, 3185896, 1.6849009509412736, 2.4070013584875336
62, 4536880, 3175816, 1.6902488053464055, 2.414641150494865
63, 4521520, 3165064, 1.6959907287814717, 2.4228438982592455
64, 4958954, 3606512, 1.5463857902291491, 2.12628046156508
65, 4945952, 3597056, 1.5504509546392686, 2.1318700626289946
66, 4930310, 3585680, 1.5553699463116923, 2.138633676178577
67, 4917286, 3576208, 1.5594895232858126, 2.144298094517992
68, 4903844, 3566432, 1.5637642633003823, 2.150175862038026
69, 4887454, 3554512, 1.5690083221243616, 2.1573864429209975
70, 4874188, 3544864, 1.5732786671338899, 2.1632581673090985
71, 4860966, 3535248, 1.5775580409326047, 2.1691423062823314
72, 4846842, 3524976, 1.5821551434934336, 2.175463322303471
73, 4835050, 3516400, 1.586013795100361, 2.180768968262996
74, 4822554, 3507312, 1.5901234076383592, 2.186419685502744
75, 4810916, 3498848, 1.5939700464526922, 2.191708813872452
76, 4799784, 3490752, 1.5976668950102755, 2.1967919806391287
77, 4789378, 3483184, 1.6011381853760551, 2.2015650048920756
78, 4778158, 3475024, 1.604897954400001, 2.2067346873000013
79, 4766696, 3466688, 1.608757092963344, 2.212041002824598
80, 4755212, 3458336, 1.6126422964948777, 2.2173831576804566
81, 4744608, 3450624, 1.616246484430326, 2.222338916091698
82, 4734510, 3443280, 1.6196936958629298, 2.2270788318115287
83, 4723356, 3435168, 1.6235185321623016, 2.2323379817231648
84, 4712664, 3427392, 1.6272019392852959, 2.237402666517282
85, 4703072, 3420416, 1.6305206469303468, 2.2419658895292267
86, 4692952, 3413056, 1.6340367427580764, 2.246800521292355
87, 4682436, 3405408, 1.6377065271153732, 2.251846474783638
88, 4673548, 3398944, 1.6408210635688347, 2.2561289624071477
89, 4663868, 3391904, 1.6442266376321113, 2.260811626744153
90, 4650558, 3382224, 1.6489324506865628, 2.267282119694024
91, 4640812, 3375136, 1.6523953135787444, 2.2720435561707735
92, 4630120, 3367360, 1.6562110701234525, 2.2772902214197472
93, 4620660, 3360480, 1.65960187505681, 2.281952578203114
94, 4612850, 3354800, 1.6624117411144954, 2.285816144032431
95, 4604556, 3348768, 1.665406175970061, 2.2899334919588337
96, 4594920, 3341760, 1.6688986968217074, 2.294735708129848
97, 4586208, 3335424, 1.6720689510811546, 2.2990948077365876
98, 4578266, 3329648, 1.6749695190275096, 2.3030830886628255
99, 4569290, 3323120, 1.6782598609411965, 2.3076073087941453
100, 4561040, 3317120, 1.6812954940101381, 2.3117813042639397
101, 4553230, 3311440, 1.684179362782025, 2.3157466238252846
102, 4546366, 3306448, 1.686722098484812, 2.319242885416616
103, 4538842, 3300976, 1.689518163443451, 2.323087474734745
104, 4531384, 3295552, 1.6922988649825308, 2.32691093935098
105, 4521462, 3288336, 1.696012484457461, 2.332017166129009
106, 4513938, 3282864, 1.6988394612420463, 2.3359042592078136
107, 4506590, 3277520, 1.7016094208703254, 2.3397129536966976
108, 4498890, 3271920, 1.7045217820395697, 2.3437174503044083
109, 4492312, 3267136, 1.7070176782022264, 2.347149307528061
110, 4484898, 3261744, 1.709839554879509, 2.3510293879593247
111, 4477770, 3256560, 1.7125613865830536, 2.3547719065516985
112, 4471082, 3251696, 1.7151230954833752, 2.358294256289641
113, 4464482, 3246896, 1.7176586219857086, 2.3617806052303494
114, 4457024, 3241472, 1.7205328039516952, 2.365732605433581
115, 4447740, 3234720, 1.724124161933926, 2.370670722659148
116, 4438082, 3227696, 1.7278761410897772, 2.3758296939984436
117, 4384292, 3188576, 1.7490751072236976, 2.4049782724325843
118, 4373820, 3180960, 1.7532628228870872, 2.410736381469745
119, 4364316, 3174048, 1.7570808346600018, 2.4159861476575024
120, 4355670, 3167760, 1.7605686381199677, 2.4207818774149557
121, 4349994, 3163632, 1.7628658798150065, 2.423940584745634
122, 4343438, 3158864, 1.7655267555332896, 2.427599288858273
123, 4337366, 3154448, 1.7679983658284775, 2.4309977530141564
124, 4331426, 3150128, 1.7704229507787967, 2.4343315573208453
125, 4325926, 3146128, 1.7726738737555843, 2.4374265764139285
126, 4320426, 3142128, 1.7749305276840757, 2.440529475565604
127, 4315432, 3138496, 1.7769845521838834, 2.4433537592528394
128, 4702272, 3526704, 1.6307980482626272, 2.174397397683503
129, 4696152, 3522114, 1.6329232954981014, 2.1772310606641354
130, 4689888, 3517416, 1.6351042924692445, 2.1801390566256593
131, 4684608, 3513456, 1.6369472109512686, 2.182596281268358
132, 4678680, 3509010, 1.6390212624073457, 2.1853616832097944
133, 4672968, 3504726, 1.6410247191934548, 2.1880329589246066
134, 4667112, 3500334, 1.6430837742912534, 2.190778365721671
135, 4661616, 3496212, 1.645020954106902, 2.193361272142536
136, 4656504, 3492378, 1.6468268898727458, 2.195769186496994
137, 4650480, 3487860, 1.648960107343758, 2.1986134764583443
138, 4643544, 3482658, 1.6514231371555863, 2.2018975162074486
139, 4638192, 3478644, 1.6533287108425008, 2.204438281123334
140, 4631880, 3473910, 1.65558175082256, 2.2074423344300804
141, 4626096, 3469572, 1.657651721883852, 2.2102022958451357
142, 4620696, 3465522, 1.6595889450420456, 2.212785260056061
143, 4592328, 3444246, 1.6698406559810188, 2.2264542079746916
144, 4586640, 3439980, 1.6719114646015383, 2.2292152861353847
145, 4581288, 3435966, 1.673864642432434, 2.231819523243245
146, 4576440, 3432330, 1.6756378320266407, 2.234183776035521
147, 4571664, 3428748, 1.6773883644992282, 2.2365178193323043
148, 4566312, 3424734, 1.6793543673756852, 2.2391391565009138
149, 4561584, 3421188, 1.6810949880567803, 2.241459984075707
150, 4556376, 3417282, 1.6830165025888997, 2.244022003451866
151, 4551648, 3413736, 1.6847647269736148, 2.246352969298153
152, 4546944, 3410208, 1.6865076851617262, 2.248676913548968
153, 4541328, 3405996, 1.6885932925346947, 2.251457723379593
154, 4537056, 3402792, 1.6901832377647532, 2.2535776503530043
155, 4532784, 3399588, 1.6917761799370983, 2.2557015732494645
156, 4528080, 3396060, 1.6935336831504744, 2.2580449108672993
157, 4523520, 3392640, 1.6952408743633276, 2.2603211658177704
158, 4518360, 3388770, 1.6971768517780788, 2.262902469037438
159, 4514184, 3385638, 1.6987468831576205, 2.2649958442101608
160, 4510248, 3382686, 1.700229344373081, 2.266972459164108
161, 4505760, 3379320, 1.7019228720571002, 2.269230496076134
162, 4501272, 3375954, 1.7036197768097552, 2.27149303574634
163, 4496784, 3372588, 1.7053200687424612, 2.273760091656615
164, 4492272, 3369204, 1.7070328777954673, 2.276043837060623
165, 4488600, 3366450, 1.7084293543643898, 2.2779058058191866
166, 4485096, 3363822, 1.7097640719395972, 2.279685429252796
167, 4481520, 3361140, 1.7111283671611417, 2.281504489548189
168, 4477176, 3357882, 1.7127885970978134, 2.283718129463751
169, 4472616, 3354462, 1.7145348494035706, 2.2860464658714275
170, 4468608, 3351456, 1.716072656182865, 2.2880968749104866
171, 4463760, 3347820, 1.7179364481961397, 2.290581930928186
172, 4459800, 3344850, 1.7194618592762008, 2.292615812368268
173, 4455816, 3341862, 1.7209992513155838, 2.2946656684207785
174, 4451520, 3338640, 1.7226601250808713, 2.296880166774495
175, 4447296, 3335472, 1.724296291499374, 2.2990617219991654
176, 4443120, 3332340, 1.7259169232431264, 2.3012225643241684
177, 4438152, 3328614, 1.7278488884562764, 2.303798517941702
178, 4434648, 3325986, 1.7292141337937081, 2.3056188450582775
179, 4430136, 3322602, 1.7309753018868947, 2.307967069182526
180, 4424760, 3318570, 1.733078404252434, 2.310771205669912
181, 4395000, 3296250, 1.744813651877133, 2.326418202502844
182, 4391016, 3293262, 1.7463967336944344, 2.3285289782592455
183, 4387200, 3290400, 1.7479157549234137, 2.3305543398978847
184, 4383360, 3287520, 1.74944699956198, 2.332595999415973
185, 4380096, 3285072, 1.750750668478499, 2.334334224637999
186, 4376064, 3282048, 1.752363767988768, 2.336485023985024
187, 4372848, 3279636, 1.7536525394891385, 2.338203385985518
188, 4369896, 3277422, 1.7548371860566019, 2.339782914742136
189, 4365624, 3274218, 1.756554389475594, 2.3420725193007916
190, 4361520, 3271140, 1.7582072305067957, 2.3442763073423944
191, 4358448, 3268836, 1.7594464818669397, 2.345928642489253
192, 4353864, 3265398, 1.7612989289513867, 2.3483985719351823
193, 4350888, 3263166, 1.7625036544264068, 2.3500048725685425
194, 4347384, 3260538, 1.7639242358162979, 2.351898981088397
195, 4344552, 3258414, 1.765074051363639, 2.3534320684848518
196, 4341600, 3256200, 1.7662741846323935, 2.355032246176525
197, 4338864, 3254148, 1.7673879614571926, 2.3565172819429234
198, 4335648, 3251736, 1.7686989349688904, 2.358265246625187
199, 4332792, 3249594, 1.769864789262905, 2.3598197190172066
200, 4329840, 3247380, 1.771071448367607, 2.361428597823476
201, 4326768, 3245076, 1.7723289069346913, 2.363105209246255
202, 4323168, 3242376, 1.7738047653942663, 2.3650730205256885
203, 4320144, 3240108, 1.775046387342644, 2.3667285164568588
204, 4316784, 3237588, 1.776428007516707, 2.3685706766889427
205, 4313736, 3235302, 1.777683196190031, 2.3702442615867083
206, 4310952, 3233214, 1.7788312187192064, 2.371774958292275
207, 4306512, 3229884, 1.780665187975791, 2.374220250634388
208, 4303512, 3227634, 1.7819064986922308, 2.3758753315896413
209, 4300608, 3225456, 1.7831097370418323, 2.3774796493891097
210, 4297464, 3223098, 1.7844142498924946, 2.3792189998566595
211, 4294296, 3220722, 1.7857306529405519, 2.380974203920736
212, 4291032, 3218274, 1.7870889799936238, 2.3827853066581652
213, 4288104, 3216078, 1.7883092387684627, 2.3844123183579504
214, 4285512, 3214134, 1.7893908592485566, 2.3858544789980756
215, 4282488, 3211866, 1.79065440463581, 2.3875392061810796
216, 4279296, 3209472, 1.7919900843503231, 2.3893201124670975
217, 4276632, 3207474, 1.7931063509789946, 2.390808467971993
218, 4273872, 3205404, 1.7942643111445546, 2.392352414859406
219, 4270728, 3203046, 1.7955852023355268, 2.394113603114036
220, 4267920, 3200940, 1.796766574818647, 2.3956887664248625
221, 4264992, 3198744, 1.7980000900353388, 2.397333453380452
222, 4261848, 3196386, 1.799326489353914, 2.3991019858052187
223, 4259352, 3194514, 1.8003809030105988, 2.4005078706807983
224, 4256760, 3192570, 1.8014771798269107, 2.4019695731025474
225, 4253856, 3190392, 1.8027070027758345, 2.403609337034446
226, 4251096, 3188322, 1.8038774000869422, 2.4051698667825896
227, 4248264, 3186198, 1.8050799102880613, 2.4067732137174147
228, 4245384, 3184038, 1.8063044473715453, 2.408405929828727
229, 4242912, 3182184, 1.8073568341742652, 2.4098091122323537
230, 4240032, 3180024, 1.808584463513483, 2.4114459513513107
231, 4237512, 3178134, 1.8096600080424552, 2.4128800107232733
232, 4234248, 3175686, 1.8110549972509877, 2.4147399963346503
233, 4231560, 3173670, 1.8122054277854975, 2.416273903713997
234, 4226208, 3169656, 1.8145003748040798, 2.4193338330721064
235, 4223208, 3167406, 1.8157893241346388, 2.4210524321795184
236, 4219848, 3164886, 1.8172351231608341, 2.4229801642144455
237, 4216992, 3162744, 1.8184658638195188, 2.4246211517593586
238, 4214688, 3161016, 1.8194599457895815, 2.425946594386109
239, 4212096, 3159072, 1.8205795879296198, 2.4274394505728263
240, 4209024, 3156768, 1.8219083569017425, 2.4292111425356566
241, 4206504, 3154878, 1.8229998117201363, 2.4306664156268485
242, 4203984, 3152988, 1.824092575043102, 2.4321234333908026
243, 4201824, 3151368, 1.8250302725673422, 2.433373696756456
244, 4199568, 3149676, 1.8260106753837537, 2.4346809005116716
245, 4197336, 3148002, 1.8269816855262482, 2.435975580701664
246, 4194864, 3146148, 1.8280583113063975, 2.4374110817418635
247, 4192608, 3144456, 1.829041971011838, 2.438722628015784
248, 4190280, 3142710, 1.8300581345399354, 2.4400775127199137
249, 4187640, 3140730, 1.8312118520216638, 2.4416158026955515
250, 4185192, 3138894, 1.8322829633622544, 2.4430439511496727
251, 4182840, 3137130, 1.8333132512838168, 2.4444176683784224
252, 4180224, 3135168, 1.8344605456549696, 2.4459473942066263
253, 4177896, 3133422, 1.8354827405947873, 2.4473103207930498
254, 4175016, 3131262, 1.8367488891060537, 2.4489985188080716
255, 4172472, 3129354, 1.8378687741942905, 2.450491698925721
256, 4518150, 3475500, 1.6972557352013546, 2.2064324557617607
257, 4515602, 3473540, 1.6982134386511478, 2.207677470246492
258, 4513080, 3471600, 1.6991624345236513, 2.2089111648807465
259, 4510922, 3469940, 1.6999753043834498, 2.2099678956984845
260, 4507698, 3467460, 1.7011911623183273, 2.2115485110138255
261, 4505228, 3465560, 1.702123843676724, 2.2127609967797413
262, 4503408, 3464160, 1.702811737244327, 2.2136552584176252
263, 4501068, 3462360, 1.7036969892478853, 2.214806086022251
264, 4498104, 3460080, 1.7048196306710561, 2.216265519872373
265, 4496102, 3458540, 1.7055787435427399, 2.2172523666055617
266, 4493944, 3456880, 1.7063977655262281, 2.2183170951840965
267, 4491110, 3454700, 1.7074745441550085, 2.219716907401511
268, 4488718, 3452860, 1.7083844429523085, 2.220899775838001
269, 4486534, 3451180, 1.7092160674587555, 2.221980887696382
270, 4483778, 3449060, 1.7102666545935146, 2.223346650971569
271, 4481620, 3447400, 1.7110901861380483, 2.224417241979463
272, 4479800, 3446000, 1.711785347560159, 2.2253209518282064
273, 4477408, 3444160, 1.7126998477690665, 2.226509802099786
274, 4474912, 3442240, 1.7136551512074427, 2.2277516965696758
275, 4472676, 3440520, 1.7145118492821747, 2.228865404066827
276, 4470180, 3438600, 1.7154691757378897, 2.2301099284592567
277, 4467398, 3436460, 1.7165374564791407, 2.231498693422883
278, 4465032, 3434640, 1.7174470418129142, 2.2326811543567886
279, 4462510, 3432700, 1.7184176618091611, 2.2339429603519094
280, 4460274, 3430980, 1.7192791294884575, 2.2350628683349947
281, 4457882, 3429140, 1.7202016563022529, 2.236262153192929
282, 4455594, 3427380, 1.7210850001144629, 2.2374105001488016
283, 4453436, 3425720, 1.7219189857000303, 2.2384946814100393
284, 4451252, 3424040, 1.7227638426222556, 2.239592995408932
285, 4448314, 3421780, 1.7239016849979565, 2.2410721904973436
286, 4442854, 3417580, 1.7260202563487343, 2.2438263332533546
287, 4441060, 3416200, 1.7267174953727262, 2.244732743984544
288, 4438720, 3414400, 1.7276277845865475, 2.2459161199625117
289, 4436770, 3412900, 1.728387092411822, 2.2469032201353687
290, 4434664, 3411280, 1.7292078948935026, 2.2479702633615535
291, 4432532, 3409640, 1.7300396252074435, 2.2490515127696766
292, 4430686, 3408220, 1.7307604285205496, 2.2499885570767146
293, 4428190, 3406300, 1.7317359914547479, 2.251256788891172
294, 4425824, 3404480, 1.7326617597084746, 2.252460287621017
295, 4424004, 3403080, 1.7333745629524748, 2.253386931838217
296, 4422132, 3401640, 1.7341083441199856, 2.2543408473559814
297, 4419142, 3399340, 1.7352816451700352, 2.255866138721046
298, 4415450, 3396500, 1.7367326093603144, 2.257752392168409
299, 4413188, 3394760, 1.7376227797229575, 2.2589096136398448
300, 4411004, 3393080, 1.7384831208495843, 2.2600280571044595
301, 4408768, 3391360, 1.7393648293582242, 2.261174278165692
302, 4406038, 3389260, 1.740442547249933, 2.262575311424913
303, 4403958, 3387660, 1.7412645624685794, 2.2636439312091534
304, 4401748, 3385960, 1.742138804856616, 2.2647804463136008
305, 4399564, 3384280, 1.7430036249046497, 2.2659047123760447
306, 4397380, 3382600, 1.7438693039946513, 2.267030095193047
307, 4395612, 3381240, 1.7445707218926512, 2.2679419384604467
308, 4393402, 3379540, 1.74544828813753, 2.2690827745787887
309, 4391478, 3378060, 1.7462130061906265, 2.2700769080478143
310, 4389658, 3376660, 1.7469370051152049, 2.2710181066497666
311, 4388046, 3375420, 1.7475787628479738, 2.271852391702366
312, 4385498, 3373460, 1.7485941163352485, 2.2731723512358233
313, 4383470, 3371900, 1.7494030984585272, 2.2742240279960853
314, 4381520, 3370400, 1.750181672113787, 2.275236173747923
315, 4379570, 3368900, 1.7509609390876273, 2.2762492208139156
316, 4377672, 3367440, 1.751720092323043, 2.277236120019956
317, 4375124, 3365480, 1.752740265190198, 2.2785623447472574
318, 4373018, 3363860, 1.7535843666776583, 2.279659676680956
319, 4370938, 3362260, 1.7544188455658716, 2.280744499235633
320, 4369196, 3360920, 1.7551183329839175, 2.2816538328790927
321, 4367064, 3359280, 1.7559751814949358, 2.2827677359434166
322, 4364984, 3357680, 1.7568119379131746, 2.283855519287127
323, 4363528, 3356560, 1.757398142053861, 2.2846175846700194
324, 4361474, 3354980, 1.758225774130489, 2.2856935063696358
325, 4359446, 3353420, 1.7590436950016126, 2.2867568035020964
326, 4357704, 3352080, 1.759746875877756, 2.2876709386410825
327, 4354662, 3349740, 1.7609761676107123, 2.289269017893926
328, 4352582, 3348140, 1.7618176980927642, 2.2903630075205936
329, 4350840, 3346800, 1.7625230989877816, 2.291280028684116
330, 4349072, 3345440, 1.7632396060584878, 2.2922114878760342
331, 4347460, 3344200, 1.7638933998242652, 2.293061419771545
332, 4345536, 3342720, 1.7646743692837892, 2.294076680068926
333, 4343690, 3341300, 1.765424328163382, 2.2950516266123966
334, 4341272, 3339440, 1.766407633523078, 2.2963299235800014
335, 4339348, 3337960, 1.7671908314336624, 2.297348080863761
336, 4337424, 3336480, 1.7679747241680777, 2.2983671414185007
337, 4335526, 3335020, 1.7687487054627282, 2.2993733171015465
338, 4333706, 3333620, 1.769491516037313, 2.300338970848507
339, 4331912, 3332240, 1.770224325886583, 2.301291623652558
340, 4330014, 3330780, 1.7710002785210395, 2.3023003620773514
341, 4328402, 3329540, 1.771659841206986, 2.3031577935690817
342, 4326946, 3328420, 1.7722559976482257, 2.3039327969426937
343, 4325152, 3327040, 1.772991099503555, 2.3048884293546217
344, 4323202, 3325540, 1.7737908152337087, 2.305928059803821
345, 4321720, 3324400, 1.7743990818470423, 2.3067188064011552
346, 4320342, 3323340, 1.7749650374900876, 2.307454548737114
347, 4318678, 3322060, 1.7756489370126691, 2.30834361811647
348, 4316910, 3320700, 1.7763761579463089, 2.3092890053302013
349, 4315480, 3319600, 1.7769647872310843, 2.31005422340041
350, 4313790, 3318300, 1.77766094316135, 2.310959226109755
351, 4310878, 3316060, 1.7788617539164875, 2.3125202800914337
352, 4309162, 3314740, 1.779570134518034, 2.3134411748734443
353, 4306380, 3312600, 1.7807197692725676, 2.314935700054338
354, 4304690, 3311300, 1.7814188710453018, 2.3158445323588923
355, 4302636, 3309720, 1.782269287943484, 2.316950074326529
356, 4300764, 3308280, 1.7830450589709177, 2.317958576662193
357, 4299230, 3307100, 1.783681263854225, 2.3187856430104925
358, 4297358, 3305660, 1.7844582648222467, 2.3197957442689208
359, 4295668, 3304360, 1.7851603056847039, 2.320708397390115
360, 4293848, 3302960, 1.7859169677175344, 2.3216920580327947
361, 4292080, 3301600, 1.7866526253005537, 2.3226484128907194
362, 4289246, 3299420, 1.7878331063315092, 2.3241830382309616
363, 4287816, 3298320, 1.7884293542446783, 2.324958160518082
364, 4286386, 3297220, 1.7890259999916014, 2.3257337999890817
365, 4284722, 3295940, 1.7897207800179336, 2.3266370140233135
366, 4283110, 3294700, 1.7903943629745676, 2.3275126718669377
367, 4281290, 3293300, 1.7911554694963434, 2.3285021103452466
368, 4279444, 3291880, 1.7919281102872242, 2.3295065433733915
369, 4277780, 3290600, 1.7926251466882355, 2.3304126906947062
370, 4276012, 3289240, 1.7933663422834174, 2.3313762449684425
371, 4274478, 3288060, 1.7940099352482337, 2.332212915822704
372, 4272918, 3286860, 1.7946649104897403, 2.3330643836366622
373, 4271592, 3285840, 1.7952220155857581, 2.3337886202614855
374, 4269980, 3284600, 1.7958997466030286, 2.334669670583937
375, 4268654, 3283580, 1.7964576187247783, 2.3353949043422118
376, 4267276, 3282520, 1.797037735548392, 2.3361490562129097
377, 4265872, 3281440, 1.7976291834354148, 2.3369179384660392
378, 4264052, 3280040, 1.798396454827474, 2.337915391275716
379, 4262466, 3278820, 1.7990656113151402, 2.338785294709682
380, 4261270, 3277900, 1.7995705505635644, 2.3394417157326335
381, 4259398, 3276460, 1.8003614595301964, 2.3404698973892555
382, 4258020, 3275400, 1.8009441007792355, 2.341227331013006
383, 4256330, 3274100, 1.8016591758627738, 2.342156928621606
384, 4254328, 3272560, 1.8025069999304237, 2.343259099909551
385, 4252560, 3271200, 1.8032563914442123, 2.344233308877476
386, 4251026, 3270020, 1.803907103837991, 2.3450792349893885
387, 4249648, 3268960, 1.8044920426350606, 2.345839655425579
388, 4248166, 3267820, 1.8051215512764802, 2.346658016659424
389, 4246736, 3266720, 1.8057293884055896, 2.3474482049272667
390, 4245332, 3265640, 1.8063265723387476, 2.348224544040372
391, 4243772, 3264440, 1.8069905734803848, 2.3490877455245003
392, 4242316, 3263320, 1.8076107484685253, 2.349893973009083
393, 4240808, 3262160, 1.8082535214987332, 2.350729577948353
394, 4239482, 3261140, 1.8088190962952548, 2.3514648251838315
395, 4237896, 3259920, 1.809496032937099, 2.3523448428182285
396, 4236076, 3258520, 1.810273470069942, 2.353355511090925
397, 4234698, 3257460, 1.8108625455699556, 2.3541213092409423
398, 4233242, 3256340, 1.811485381653116, 2.3549309961490508
399, 4231396, 3254920, 1.8122756650523846, 2.3559583645681
400, 4230226, 3254020, 1.812776906009277, 2.35660997781206
401, 4228874, 3252980, 1.8133564632098285, 2.357363402172777
402, 4227288, 3251760, 1.8140368008993, 2.35824784116909
403, 4226222, 3250940, 1.8144943639969695, 2.3588426731960603
404, 4224792, 3249840, 1.815108530786841, 2.3596410900228935
405, 4223544, 3248880, 1.8156448707530926, 2.3603383319790203
406, 4222114, 3247780, 1.816259816764777, 2.36113776179421
407, 4220580, 3246600, 1.8169199493908421, 2.3619959342080947
408, 4218656, 3245120, 1.8177485910204576, 2.363073168326595
409, 4217538, 3244260, 1.8182304462935486, 2.363699580181613
410, 4216290, 3243300, 1.8187686330873825, 2.364399223013597
411, 4214886, 3242220, 1.819374474185067, 2.365186816440587
412, 4213846, 3241420, 1.8198235056525558, 2.3657705573483225
413, 4212650, 3240500, 1.8203401659288097, 2.3664422157074525
414, 4211220, 3239400, 1.8209582971205494, 2.367245786256714
415, 4209582, 3238140, 1.8216668543337557, 2.3681669106338825
416, 4208386, 3237220, 1.8221845619674621, 2.3688399305577006
417, 4207034, 3236180, 1.822770151132603, 2.369601196472384
418, 4205994, 3235380, 1.8232208605147797, 2.3701871186692136
419, 4204642, 3234340, 1.8238071160398437, 2.3709492508517966
420, 4203446, 3233420, 1.8243260410624997, 2.3716238533812497
421, 4202120, 3232400, 1.8249017162765462, 2.37237223115951
422, 4201002, 3231540, 1.825387371869854, 2.37300358343081
423, 4199702, 3230540, 1.825952412814052, 2.3737381366582677
424, 4198246, 3229420, 1.8265856741124746, 2.374561376346217
425, 4196920, 3228400, 1.8271627765122995, 2.375311609465989
426, 4195698, 3227460, 1.827694938958905, 2.3760034206465765
427, 4194346, 3226420, 1.8282840757534071, 2.376769298479429
428, 4192916, 3225320, 1.828907614652905, 2.3775798990487766
429, 4191226, 3224020, 1.8296450728259464, 2.3785385946737305
430, 4189848, 3222960, 1.830246825183157, 2.379320872738104
431, 4188548, 3221960, 1.8308148790463903, 2.3800593427603074
432, 4187352, 3221040, 1.8313378001180698, 2.3807391401534908
433, 4186182, 3220140, 1.8318496424665722, 2.381404535206544
434, 4184778, 3219060, 1.8324642310774908, 2.3822035004007382
435, 4183556, 3218120, 1.8329994865611934, 2.3828993325295516
436, 4182230, 3217100, 1.8335806495577718, 2.3836548444251036
437, 4181060, 3216200, 1.8340937465618767, 2.3843218705304396
438, 4179760, 3215200, 1.8346641912454305, 2.3850634486190594
439, 4178434, 3214180, 1.8352464104973298, 2.385820333646529
440, 4177264, 3213280, 1.835760440326491, 2.3864885724244385
441, 4175652, 3212040, 1.836469131048277, 2.38740987036276
442, 4174846, 3211420, 1.8368236816399934, 2.3878707861319914
443, 4173676, 3210520, 1.8373385955210706, 2.388540174177392
444, 4172636, 3209720, 1.837796539166129, 2.389135500915968
445, 4171674, 3208980, 1.8382203403238124, 2.389686442420956
446, 4170400, 3208000, 1.838781891425283, 2.390416458852868
447, 4169178, 3207060, 1.8393208445405784, 2.391117097902752
448, 4168034, 3206180, 1.839825682803931, 2.3917733876451104
449, 4166786, 3205220, 1.8403767316104067, 2.3924897510935286
450, 4165590, 3204300, 1.8409051298855623, 2.3931766688512313
451, 4164576, 3203520, 1.8413533574606396, 2.3937593646988313
452, 4163198, 3202460, 1.8419628372227312, 2.3945516883895506
453, 4161768, 3201360, 1.8425957429630868, 2.395374465852013
454, 4160546, 3200420, 1.843136934431202, 2.3960780147605627
455, 4159350, 3199500, 1.843666919109957, 2.3967669948429444
456, 4158180, 3198600, 1.8441856773877032, 2.3974413806040142
457, 4156958, 3197660, 1.8447278033600532, 2.398146144368069
458, 4156048, 3196960, 1.8451317212890708, 2.398671237675792
459, 4154436, 3195720, 1.8458476674090056, 2.3996019676317073
460, 4153240, 3194800, 1.8463792123739537, 2.40029297608614
461, 4150016, 3192320, 1.8478135987909443, 2.4021576784282277
462, 4148664, 3191280, 1.8484157791520355, 2.402940512897646
463, 4147364, 3190280, 1.8489951689796218, 2.4036937196735084
464, 4146324, 3189480, 1.849458942427075, 2.404296625155198
465, 4145232, 3188640, 1.8499461550041107, 2.404930001505344
466, 4144322, 3187940, 1.850352361616689, 2.405458070101696
467, 4142892, 3186840, 1.8509910468339508, 2.406288360884136
468, 4141306, 3185620, 1.8516999226813957, 2.407209899485814
469, 4140240, 3184800, 1.8521766854095414, 2.4078296910324037
470, 4138992, 3183840, 1.852735158705308, 2.4085557063169003
471, 4137822, 3182940, 1.8532590333755294, 2.4092367433881883
472, 4136626, 3182020, 1.8537948560010018, 2.4099333128013023
473, 4135300, 3181000, 1.8543892825188015, 2.410706067274442
474, 4134572, 3180440, 1.854715796459706, 2.411130535397618
475, 4133038, 3179260, 1.8554041845247975, 2.4120254398822367
476, 4131764, 3178280, 1.8559762851895703, 2.4127691707464414
477, 4130360, 3177200, 1.8566071722561714, 2.4135893239330226
478, 4129346, 3176420, 1.8570630797225518, 2.414182003639317
479, 4128124, 3175480, 1.8576128042665385, 2.4148966455465
480, 4126850, 3174500, 1.8581862679767862, 2.415642148369822
481, 4125550, 3173500, 1.85877180012362, 2.4164033401607057
482, 4124510, 3172700, 1.8592404915977898, 2.417012639077127
483, 4123444, 3171880, 1.8597211457218772, 2.4176374894384405
484, 4122430, 3171100, 1.8601785839905105, 2.4182321591876637
485, 4121416, 3170320, 1.860636247347999, 2.4188271215523987
486, 4120428, 3169560, 1.8610823924116622, 2.4194071101351606
487, 4119232, 3168640, 1.8616227490949768, 2.42010957382347
488, 4118036, 3167720, 1.8621634196495611, 2.4208124455444295
489, 4116840, 3166800, 1.8627044043489667, 2.4215157256536566
490, 4115774, 3165980, 1.8631868513674463, 2.42214290677768
491, 4114812, 3165240, 1.8636224449622485, 2.422709178450923
492, 4113824, 3164480, 1.8640700234137386, 2.42329103043786
493, 4112784, 3163680, 1.8645413909410269, 2.423903808223335
494, 4111926, 3163020, 1.86493044865107, 2.424409583246391
495, 4110912, 3162240, 1.8653904535052077, 2.42500758955677
496, 4109820, 3161400, 1.8658860972013374, 2.4256519263617387
497, 4108936, 3160720, 1.8662875255297235, 2.4261737831886405
498, 4107948, 3159960, 1.8667363851733274, 2.426757300725326
499, 4106934, 3159180, 1.86719728147567, 2.427356465918371
500, 4106050, 3158500, 1.8675992742416678, 2.427879056514168
501, 4105140, 3157800, 1.8680132711673658, 2.4284172525175753
502, 4104230, 3157100, 1.8684274516779031, 2.428955687181274
503, 4103112, 3156240, 1.868936553523277, 2.42961751958026
504, 4102202, 3155540, 1.8693511436053125, 2.430156486686906
505, 4101292, 3154840, 1.8697659176669206, 2.4306956929669967
506, 4100382, 3154140, 1.8701808758305933, 2.4312351385797712
507, 4099056, 3153120, 1.8707858589880206, 2.432021616684427
508, 4098354, 3152580, 1.8711063026766355, 2.4324381934796264
509, 4097496, 3151920, 1.8714981051842394, 2.432947536739511
510, 4096482, 3151140, 1.87196135610995, 2.433549762942935
511, 4095676, 3150520, 1.8723297448333316, 2.434028668283331
512, 4409524, 3464626, 1.7390666203426945, 2.213357516799793
513, 4408516, 3463834, 1.739464255091736, 2.2138635973894822
514, 4407368, 3462932, 1.7399173384205722, 2.21444024889891
515, 4405968, 3461832, 1.7404701986033488, 2.215143889131535
516, 4404792, 3460908, 1.7409348727476803, 2.2157352925879565
517, 4403840, 3460160, 1.7413112192995204, 2.2162142791084807
518, 4402468, 3459082, 1.7418538874104252, 2.2169049476132683
519, 4401516, 3458334, 1.7422306314460745, 2.2173844400222764
520, 4400368, 3457432, 1.7426851572413944, 2.2179629273981383
521, 4399332, 3456618, 1.7430955426869352, 2.2184852361470084
522, 4398324, 3455826, 1.7434950221948178, 2.2189936646115864
523, 4397344, 3455056, 1.7438835806341282, 2.219488193534345
524, 4396308, 3454242, 1.7442945307744588, 2.220011220985675
525, 4395216, 3453384, 1.7447279041576114, 2.2205627871096874
526, 4394152, 3452548, 1.74515037258611, 2.2211004742005036
527, 4392864, 3451536, 1.7456620555519133, 2.2217517070660713
528, 4391800, 3450700, 1.7460849765472015, 2.222289970150984
529, 4390652, 3449798, 1.7465415159297526, 2.2228710202742303
530, 4389616, 3448984, 1.7469537198698017, 2.2233956434706568
531, 4388216, 3447884, 1.7475110614427367, 2.224104987290756
532, 4387208, 3447092, 1.7479125676284324, 2.2246159951634596
533, 4386256, 3446344, 1.7482919373607013, 2.2250988293681653
534, 4385248, 3445552, 1.7486938024941805, 2.2256102940835025
535, 4383932, 3444518, 1.7492187378818833, 2.2262783936678514
536, 4381412, 3442538, 1.7502248133706668, 2.227558853380849
537, 4380152, 3441548, 1.7507282852284578, 2.2281996357453098
538, 4378584, 3440316, 1.7513552326505555, 2.22899756882798
539, 4377520, 3439480, 1.7517809170489227, 2.229539348971356
540, 4376624, 3438776, 1.7521395486566815, 2.2299957891994127
541, 4375532, 3437918, 1.752576829514674, 2.2305523284732214
542, 4374608, 3437192, 1.7529470069089619, 2.231023463338679
543, 4373348, 3436202, 1.7534520463498446, 2.231666240808893
544, 4372312, 3435388, 1.753867519060854, 2.2321950242592687
545, 4371472, 3434728, 1.7542045333928709, 2.2326239515909267
546, 4370660, 3434090, 1.7545304370506971, 2.233038738064524
547, 4369596, 3433254, 1.7549576665668862, 2.2335824847214916
548, 4368616, 3432484, 1.7553513515493235, 2.234083538335503
549, 4367328, 3431472, 1.7558690347965622, 2.234742407922897
550, 4366348, 3430702, 1.7562631288206987, 2.235243982135435
551, 4365312, 3429888, 1.7566799349049964, 2.235774462606359
552, 4363996, 3428854, 1.7572096766358172, 2.2364486793546767
553, 4363044, 3428106, 1.7575930932624104, 2.2369366641521586
554, 4362204, 3427446, 1.7579315410283425, 2.237367415854254
555, 4361084, 3426566, 1.7583830075274862, 2.237942009580437
556, 4360384, 3426016, 1.7586652918642027, 2.23830128055444
557, 4359544, 3425356, 1.7590041527279, 2.238732558017327
558, 4358508, 3424542, 1.7594222610122547, 2.2392646958337785
559, 4357388, 3423662, 1.7598744936186541, 2.2398402646055597
560, 4356268, 3422782, 1.760326958763786, 2.2404161293357276
561, 4355092, 3421858, 1.7608022976322888, 2.2410211060774583
562, 4353888, 3420912, 1.761289220117743, 2.2416408256044003
563, 4352964, 3420186, 1.761663087496244, 2.242116656813401
564, 4351788, 3419262, 1.7621391483224826, 2.2427225524104326
565, 4350724, 3418426, 1.7625700917824252, 2.243271025904905
566, 4349828, 3417722, 1.7629331550580851, 2.243733106437563
567, 4348820, 3416930, 1.7633417800690763, 2.2442531746333696
568, 4347728, 3416072, 1.7637846709821774, 2.2448168539773166
569, 4346748, 3415302, 1.764182326649716, 2.245322961190548
570, 4345908, 3414642, 1.7645233171065748, 2.2457569490447313
571, 4344368, 3413432, 1.7651488087565326, 2.246553029326496
572, 4343164, 3412486, 1.7656381384631112, 2.2471758125894143
573, 4342352, 3411848, 1.7659683047343928, 2.247596024207409
574, 4341316, 3411034, 1.766389730671529, 2.2481323844910373
575, 4340448, 3410352, 1.7667429721540264, 2.24858196455967
576, 4339804, 3409846, 1.7670051458545133, 2.2489156401784713
577, 4339020, 3409230, 1.7673244188779955, 2.249321987662903
578, 4338180, 3408570, 1.7676666251746125, 2.2497575229495066
579, 4337340, 3407910, 1.768008964019422, 2.25019322693381
580, 4336248, 3407052, 1.7684542028038988, 2.250759894477689
581, 4335464, 3406436, 1.768773999737975, 2.2511669087574226
582, 4334596, 3405754, 1.7691281955688605, 2.2516177034512768
583, 4333476, 3404874, 1.769585432110389, 2.252199640867768
584, 4332832, 3404368, 1.769848450159157, 2.252534391111654
585, 4331740, 3403510, 1.770294616020352, 2.253102238571357
586, 4330788, 3402762, 1.7706837647097942, 2.253597518721556
587, 4329192, 3401508, 1.7713365450181005, 2.2544283300230368
588, 4327792, 3400408, 1.7719095557272624, 2.255157616380152
589, 4326812, 3399638, 1.7723108838562895, 2.2556683976352776
590, 4325888, 3398912, 1.7726894454965085, 2.2561502033591925
591, 4324992, 3398208, 1.7730566900470568, 2.256617605514436
592, 4324236, 3397614, 1.7733666710142555, 2.257012126745416
593, 4323340, 3396910, 1.7737341962464206, 2.257479886131808
594, 4322304, 3396096, 1.7741593372423596, 2.2580209746720943
595, 4321660, 3395590, 1.7744237168125212, 2.2583574577613903
596, 4320960, 3395040, 1.774711175294379, 2.2587233140110277
597, 4319700, 3394050, 1.7752288353357872, 2.2593821540637293
598, 4318552, 3393148, 1.775700744138313, 2.259982765266944
599, 4317768, 3392532, 1.7760231675254436, 2.26039312230511
600, 4316984, 3391916, 1.7763457080220821, 2.260803628391741
601, 4316116, 3391234, 1.776702943109036, 2.2612582912296824
602, 4315360, 3390640, 1.777014200437507, 2.2616544369204634
603, 4314548, 3390002, 1.7773486353611085, 2.2620800813686834
604, 4313484, 3389166, 1.7777870510241838, 2.2626380649398703
605, 4312756, 3388594, 1.778087144276189, 2.263020001806059
606, 4311832, 3387868, 1.7784681777954243, 2.263504953557813
607, 4311048, 3387252, 1.778791607052392, 2.2639165907939534
608, 4310264, 3386636, 1.7791151539673673, 2.264328377776649
609, 4309144, 3385756, 1.7795775680738448, 2.264916904821257
610, 4308052, 3384898, 1.7800286533217333, 2.2654910133185697
611, 4307072, 3384128, 1.780433668162501, 2.266006486752274
612, 4306260, 3383490, 1.7807693915369718, 2.266433771047055
613, 4305364, 3382786, 1.7811399918798967, 2.266905444210778
614, 4304804, 3382346, 1.7813716954360757, 2.2672003396459144
615, 4303852, 3381598, 1.781765729862458, 2.267701838006765
616, 4302704, 3380696, 1.7822411209323255, 2.268306881186596
617, 4301668, 3379882, 1.782670350199039, 2.268853172980595
618, 4300604, 3379046, 1.7831113955156066, 2.269414503383499
619, 4299792, 3378408, 1.7834481295839426, 2.269843074015927
620, 4298924, 3377726, 1.7838082273610791, 2.270301380277737
621, 4297888, 3376912, 1.784238211884535, 2.27084863330759
622, 4297132, 3376318, 1.7845521152247592, 2.2712481466496937
623, 4296236, 3375614, 1.78492429186851, 2.2717218260144674
624, 4295536, 3375064, 1.7852151629040007, 2.272092025514183
625, 4294724, 3374426, 1.7855526920938343, 2.2725216081194253
626, 4294024, 3373876, 1.7858437679901185, 2.2728920683510596
627, 4292988, 3373062, 1.7862747345205716, 2.2734405712080004
628, 4292036, 3372314, 1.7866709412502597, 2.2739448343185122
629, 4291112, 3371588, 1.7870556629610226, 2.2744344801322107
630, 4290020, 3370730, 1.7875105477363742, 2.275013424391749
631, 4289432, 3370268, 1.7877555816247932, 2.275325285704282
632, 4288648, 3369652, 1.7880823979958254, 2.2757412338128686
633, 4287976, 3369124, 1.7883626214325827, 2.276097881823287
634, 4287052, 3368398, 1.7887480721017612, 2.2765884554022415
635, 4286128, 3367672, 1.7891336889612257, 2.2770792404961053
636, 4285064, 3366836, 1.7895779386258874, 2.2776446491602202
637, 4284112, 3366088, 1.7899756122155537, 2.278150779183432
638, 4283244, 3365406, 1.790338351025531, 2.278612446759767
639, 4282460, 3364790, 1.7906661124680674, 2.2790295976866313
640, 4281396, 3363954, 1.7911111235681072, 2.2795959754503183
641, 4280920, 3363580, 1.7913102790988853, 2.279849446125854
642, 4280304, 3363096, 1.79156807553856, 2.28017755068544
643, 4279576, 3362524, 1.7918728397392638, 2.2805654323954268
644, 4278904, 3361996, 1.7921542525843066, 2.2809235941982084
645, 4278064, 3361336, 1.792506142965603, 2.281371454683495
646, 4277056, 3360544, 1.792928593873917, 2.2819091194758943
647, 4276104, 3359796, 1.793327758164909, 2.2824171467553387
648, 4275320, 3359180, 1.7936566151773434, 2.2828356920438915
649, 4274368, 3358432, 1.7940561037327625, 2.2833441320235157
650, 4273780, 3357970, 1.7943029355745967, 2.283658281640396
651, 4272940, 3357310, 1.794655670334711, 2.284107216789632
652, 4272212, 3356738, 1.7949614859936727, 2.2844964367192198
653, 4271428, 3356122, 1.7952909425138384, 2.2849157450176127
654, 4270700, 3355550, 1.795596974734821, 2.2853052405715903
655, 4269972, 3354978, 1.7959031113084583, 2.285694868938038
656, 4269412, 3354538, 1.79613867202322, 2.2859946734840983
657, 4268320, 3353680, 1.796598193200135, 2.2865795186183537
658, 4267144, 3352756, 1.797093325184245, 2.28720968659813
659, 4265464, 3351436, 1.7978011301935732, 2.288110529337275
660, 4264736, 3350864, 1.7981080188785425, 2.288501114936327
661, 4263756, 3350094, 1.7985213037519032, 2.2890271138660587
662, 4263112, 3349588, 1.7987929944134706, 2.289372901980781
663, 4262328, 3348972, 1.799123859074196, 2.2897940024580676
664, 4261600, 3348400, 1.799431199549465, 2.2901851630629553
665, 4260956, 3347894, 1.7997031652051794, 2.2905313011702284
666, 4260200, 3347300, 1.800022534153326, 2.2909377707405967
667, 4259696, 3346904, 1.800235509764077, 2.2912088306088254
668, 4258688, 3346112, 1.8006616122148418, 2.2917511428188897
669, 4257904, 3345496, 1.8009931647120274, 2.2921731187243983
670, 4257148, 3344902, 1.8013129917024262, 2.2925801712576335
671, 4256308, 3344242, 1.8016684882766942, 2.2930326214430656
672, 4255496, 3343604, 1.8020122683701265, 2.2934701597437974
673, 4254908, 3343142, 1.8022612944862733, 2.2937871020734386
674, 4254292, 3342658, 1.802522252821386, 2.2941192308635823
675, 4253732, 3342218, 1.8027595532581742, 2.2944212496013128
676, 4252920, 3341580, 1.8031037498941904, 2.2948593180471515
677, 4252164, 3340986, 1.8034243270014985, 2.2952673252746343
678, 4251352, 3340348, 1.80376877755594, 2.295705716889378
679, 4250540, 3339710, 1.804113359714295, 2.296144276000012
680, 4249840, 3339160, 1.804410518984244, 2.2965224787072196
681, 4249168, 3338632, 1.8046958839942313, 2.2968856705381127
682, 4248496, 3338104, 1.804981339278653, 2.2972489772637403
683, 4247908, 3337642, 1.8052311867394493, 2.297566964941117
684, 4247320, 3337180, 1.8054811033781302, 2.2978850406630746
685, 4246648, 3336652, 1.8057668071382418, 2.2982486636304893
686, 4245892, 3336058, 1.8060883319688772, 2.298657877051298
687, 4245108, 3335442, 1.8064218860862904, 2.2990824004734605
688, 4244296, 3334804, 1.8067674827580358, 2.2995222507829545
689, 4243764, 3334386, 1.8069939798725847, 2.2998105198378354
690, 4242728, 3333572, 1.8074352162099478, 2.3003720933581158
691, 4242112, 3333088, 1.8076976751203175, 2.300706131971313
692, 4241328, 3332472, 1.8080318239947488, 2.301131412356953
693, 4240460, 3331790, 1.808401918659768, 2.301602441930614
694, 4239844, 3331306, 1.8086646584166777, 2.3019368379848624
695, 4239060, 3330690, 1.8089991649092017, 2.302362573520802
696, 4238444, 3330206, 1.8092620782532458, 2.302697190504131
697, 4237856, 3329744, 1.8095131122907433, 2.303016688370037
698, 4237044, 3329106, 1.8098598928875886, 2.3034580454932945
699, 4236316, 3328534, 1.8101709126514642, 2.303853888829136
700, 4235644, 3328006, 1.8104581027111817, 2.304219403450595
701, 4234860, 3327390, 1.8107932729771468, 2.304645983789096
702, 4234188, 3326862, 1.8110806605658512, 2.3050117498110834
703, 4233432, 3326268, 1.8114040806607972, 2.3054233753864692
704, 4232620, 3325630, 1.811751586487802, 2.3058656555299297
705, 4231836, 3325014, 1.8120872358947748, 2.3062928456842586
706, 4231360, 3324640, 1.8122910837177646, 2.306552288368064
707, 4230380, 3323870, 1.8127109148587124, 2.3070866189110886
708, 4229120, 3322880, 1.8132509836561743, 2.3077739791987675
709, 4228364, 3322286, 1.813575179431099, 2.308186592003217
710, 4227188, 3321362, 1.8140797144579328, 2.3088287274919144
711, 4226572, 3320878, 1.8143441067607509, 2.3091652267864102
712, 4225508, 3320042, 1.8148009659430298, 2.3097466839274925
713, 4224892, 3319558, 1.8150655685399768, 2.3100834508690613
714, 4223380, 3318370, 1.8157153748893067, 2.310910477131845
715, 4222176, 3317424, 1.816233146131284, 2.311569458712543
716, 4221140, 3316610, 1.816678906646072, 2.312136790276819
717, 4220356, 3315994, 1.8170163843997995, 2.3125663074179266
718, 4219628, 3315422, 1.8173298688889163, 2.3129652876768025
719, 4218956, 3314894, 1.817619335209943, 2.3133336993581093
720, 4218340, 3314410, 1.8178847603559694, 2.3136715131803247
721, 4217696, 3313904, 1.8181623331790626, 2.3140247876824436
722, 4217024, 3313376, 1.8184520647736413, 2.3143935369846345
723, 4215932, 3312518, 1.8189230756093788, 2.3149930053210275
724, 4214952, 3311748, 1.8193459854347096, 2.3155312541896302
725, 4214392, 3311308, 1.8195877364991202, 2.315838937362517
726, 4213748, 3310802, 1.8198658296604353, 2.3161928741132813
727, 4213048, 3310252, 1.8201682012642628, 2.316577710699971
728, 4212432, 3309768, 1.8204343714035027, 2.3169164726953673
729, 4211620, 3309130, 1.8207853510050764, 2.317363174006461
730, 4210976, 3308624, 1.821063810385051, 2.3177175768537013
731, 4210388, 3308162, 1.8213181303005803, 2.318041256746193
732, 4209744, 3307656, 1.8215967526766472, 2.3183958670430056
733, 4209268, 3307282, 1.8218027457505677, 2.3186580400461767
734, 4208764, 3306886, 1.8220209068505624, 2.318935699627988
735, 4207980, 3306270, 1.8223603724352302, 2.3193677467357476
736, 4207168, 3305632, 1.8227120951671052, 2.319815393849043
737, 4206720, 3305280, 1.8229062072113191, 2.3200624455416787
738, 4206048, 3304752, 1.8231974528108095, 2.320433121759212
739, 4205292, 3304158, 1.8235252153714891, 2.320850274109168
740, 4204592, 3303608, 1.823828804316804, 2.321236660039569
741, 4203864, 3303036, 1.8241446440703124, 2.3216386379076703
742, 4203024, 3302376, 1.824509210511289, 2.3221026315598223
743, 4202464, 3301936, 1.8247523357725373, 2.322412063710502
744, 4201876, 3301474, 1.8250076870426448, 2.322737056236093
745, 4201428, 3301122, 1.8252022883648131, 2.3229847306461258
746, 4200476, 3300374, 1.8256159540014036, 2.3235112141836045
747, 4199944, 3299956, 1.825847201772214, 2.3238055295282725
748, 4199188, 3299362, 1.8261759178203023, 2.3242238954076577
749, 4198432, 3298768, 1.826504752250364, 2.3246424119550086
750, 4197816, 3298284, 1.826772778987931, 2.3249835368937304
751, 4197144, 3297756, 1.8270652615206913, 2.3253557873899706
752, 4196500, 3297250, 1.8273456451805075, 2.325712639320646
753, 4195688, 3296612, 1.827699295085812, 2.3261627392001243
754, 4195212, 3296238, 1.8279066707475093, 2.3264266718604665
755, 4194708, 3295842, 1.828126296276165, 2.3267061952605737
756, 4194064, 3295336, 1.8284070057109285, 2.327063461813909
757, 4193364, 3294786, 1.828712222454335, 2.3274519194873355
758, 4192804, 3294346, 1.828956469226799, 2.327762779015926
759, 4192272, 3293928, 1.8291885641008025, 2.3280581724919305
760, 4191684, 3293466, 1.8294451585567997, 2.3283847472541086
761, 4190928, 3292872, 1.829775171513326, 2.328804763744233
762, 4190116, 3292234, 1.8301297625173145, 2.329256061385673
763, 4189416, 3291684, 1.830435554740804, 2.329645251488296
764, 4188800, 3291200, 1.8307047364400306, 2.329987846378221
765, 4188212, 3290738, 1.8309617564726905, 2.330314962783424
766, 4187624, 3290276, 1.831218848683645, 2.330642171051912
767, 4186952, 3289748, 1.8315127567739014, 2.3310162358940563
768, 4186476, 3289374, 1.8317209987588607, 2.331281271147641
769, 4185748, 3288802, 1.832039578111248, 2.331686735777952
770, 4185188, 3288362, 1.8322847145695724, 2.3319987276340015
771, 4184208, 3287592, 1.8327138612611993, 2.3325449143324355
772, 4183508, 3287042, 1.8330205177090615, 2.3329352043569873
773, 4182640, 3286360, 1.8334009142551115, 2.3334193454155967
774, 4181772, 3285678, 1.8337814687170892, 2.333903687458114
775, 4181128, 3285172, 1.834063917679631, 2.334263167955894
776, 4180428, 3284622, 1.8343710261245978, 2.334654033249488
777, 4179728, 3284072, 1.8346782374355461, 2.3350450294634224
778, 4179196, 3283654, 1.8349117868604392, 2.3353422741860137
779, 4178580, 3283170, 1.8351822868055656, 2.335686546843447
780, 4177992, 3282708, 1.8354405657071626, 2.3360152654454795
781, 4177152, 3282048, 1.8358096617025188, 2.336485023985024
782, 4176704, 3281696, 1.8360065736044497, 2.3367356391329364
783, 4176088, 3281212, 1.8362773964533314, 2.3370803227587853
784, 4175444, 3280706, 1.836560614871137, 2.3374407825632653
785, 4174800, 3280200, 1.8368439206668583, 2.3378013535760016
786, 4174240, 3279760, 1.8370903445896738, 2.338114984023221
787, 4173680, 3279320, 1.8373368346399341, 2.3384286986326432
788, 4173148, 3278902, 1.8375710614624738, 2.338726805497694
789, 4172560, 3278440, 1.8378300132292884, 2.33905638047364
790, 4171916, 3277934, 1.8381137108225574, 2.3394174501378
791, 4171132, 3277318, 1.8384592000444964, 2.3398571636929955
792, 4170348, 3276702, 1.8388048191661703, 2.3402970425751257
793, 4169928, 3276372, 1.8389900257270628, 2.340532760016262
794, 4169396, 3275954, 1.8392246742693665, 2.3408314036155575
795, 4168836, 3275514, 1.8394717374346221, 2.3411458476440643
796, 4168276, 3275074, 1.8397188669848157, 2.341460376162493
797, 4167716, 3274634, 1.8399660629467074, 2.3417749892049002
798, 4167100, 3274150, 1.8402380552422548, 2.342121161217415
799, 4166484, 3273666, 1.84051012796401, 2.342467435590558
800, 4165980, 3273270, 1.8407327927642476, 2.342750827154497
801, 4164916, 3272434, 1.8412030398692314, 2.3433493234699307
802, 4164328, 3271972, 1.8414630163618235, 2.3436802026423207
803, 4163964, 3271686, 1.8416239909855128, 2.3438850794361072
804, 4163432, 3271268, 1.8418593122212636, 2.3441845791906992
805, 4162564, 3270586, 1.8422433865281111, 2.3446734010357777
806, 4162032, 3270168, 1.842478866092332, 2.344973102299331
807, 4161136, 3269464, 1.8428755993555606, 2.3454780355434406
808, 4160520, 3268980, 1.8431484525972714, 2.3458253033056184
809, 4160044, 3268606, 1.8433593490838078, 2.3460937170157554
810, 4159456, 3268144, 1.8436199349145657, 2.346425371709447
811, 4158812, 3267638, 1.8439054229909888, 2.3467887201703492
812, 4158028, 3267022, 1.8442530930527645, 2.347231209339882
813, 4157412, 3266538, 1.8445263543762322, 2.3475789964788407
814, 4156824, 3266076, 1.8447872702813495, 2.347911071267172
815, 4156348, 3265702, 1.8449985419892656, 2.3481799625317925
816, 4155760, 3265240, 1.845259591506728, 2.3485122073721993
817, 4155284, 3264866, 1.84547097141856, 2.3487812363508946
818, 4154640, 3264360, 1.8457570331003408, 2.349145314854979
819, 4154164, 3263986, 1.84596852700086, 2.349414488910185
820, 4153772, 3263678, 1.8461427348443775, 2.349636207983753
821, 4153128, 3263172, 1.8464290048368361, 2.3500005516105187
822, 4152568, 3262732, 1.8466780074402154, 2.3503174640148194
823, 4151896, 3262204, 1.8469768992286897, 2.3506978717456053
824, 4151504, 3261896, 1.8471512974574997, 2.350919833127727
825, 4150776, 3261324, 1.8474752672753239, 2.351332158350412
826, 4150440, 3261060, 1.8476248301384914, 2.351522511085353
827, 4149880, 3260620, 1.8478741553972644, 2.351839834141973
828, 4149208, 3260092, 1.8481734345446168, 2.3522207348749666
829, 4148648, 3259652, 1.8484229078967414, 2.3525382464140345
830, 4148004, 3259146, 1.848709885525665, 2.352903490669028
831, 4147444, 3258706, 1.8489595037329014, 2.3532211865691472
832, 4146940, 3258310, 1.8491842177605655, 2.3535071862407198
833, 4146380, 3257870, 1.8494339640843338, 2.353825045198243
834, 4145736, 3257364, 1.8497212557673717, 2.354190689158473
835, 4145260, 3256990, 1.849933659167338, 2.3544610207584302
836, 4144952, 3256748, 1.8500711226571502, 2.3546359742909186
837, 4144336, 3256264, 1.8503461109330903, 2.3549859593693876
838, 4143720, 3255780, 1.850621180967826, 2.3553360485045056
839, 4143272, 3255428, 1.8508212832756334, 2.3555907241689877
840, 4142628, 3254922, 1.8511090061670998, 2.3559569169399452
841, 4142236, 3254614, 1.8512841856427302, 2.356179872636202
842, 4141312, 3253888, 1.851697239908512, 2.356705578065379
843, 4140780, 3253470, 1.8519351426542825, 2.3570083633781778
844, 4140080, 3252920, 1.8522482657339954, 2.3574068836614486
845, 4139604, 3252546, 1.8524612499166586, 2.3576779544393838
846, 4138904, 3251996, 1.8527745509439213, 2.3580767012013544
847, 4138484, 3251666, 1.8529625824335674, 2.3583160140063586
848, 4137532, 3250918, 1.8533889284723357, 2.3588586362375183
849, 4136776, 3250324, 1.8537276371744567, 2.3592897200402176
850, 4136300, 3249950, 1.8539409617290816, 2.359561224018831
851, 4134900, 3248850, 1.8545686715519119, 2.360360127429706
852, 4134368, 3248432, 1.8548073127500986, 2.360663852591035
853, 4133696, 3247904, 1.85510884206289, 2.361047617170951
854, 4133136, 3247464, 1.8553601913897826, 2.3613675163142687
855, 4132240, 3246760, 1.8557624920140166, 2.3618795352905666
856, 4131708, 3246342, 1.856001440566468, 2.3621836516300503
857, 4131372, 3246078, 1.8561523871488697, 2.3623757654621977
858, 4130560, 3245440, 1.8565172761078401, 2.3628401695917964
859, 4130084, 3245066, 1.8567312432386363, 2.363112491394628
860, 4129328, 3244472, 1.8570711747771065, 2.363545131534499
861, 4128684, 3243966, 1.8573608442787097, 2.3639138018092667
862, 4128124, 3243526, 1.8576128042665385, 2.3642344781574125
863, 4127704, 3243196, 1.857801819122689, 2.364475042519786
864, 4127312, 3242888, 1.8579782676957788, 2.364699613430991
865, 4126752, 3242448, 1.858230395235769, 2.3650205030273423
866, 4125940, 3241810, 1.8585961017368164, 2.365485947665039
867, 4125520, 3241480, 1.858785316760069, 2.3657267667855426
868, 4125072, 3241128, 1.8589871885872538, 2.3659836945655957
869, 4124736, 3240864, 1.8591386212353955, 2.366176427026867
870, 4124148, 3240402, 1.8594036877435047, 2.366513784400824
871, 4123504, 3239896, 1.8596940854186148, 2.3668833814418733
872, 4122916, 3239434, 1.8599593103521876, 2.367220940448239
873, 4122552, 3239148, 1.8601235351306666, 2.3674299538026666
874, 4122076, 3238774, 1.8603383343732625, 2.367703334656879
875, 4121432, 3238268, 1.8606290240867738, 2.3680733033831665
876, 4121068, 3237982, 1.8607933671562809, 2.368282467289812
877, 4120564, 3237586, 1.8610209670326683, 2.3685721398597597
878, 4120004, 3237146, 1.8612739210932805, 2.368894081391448
879, 4119304, 3236596, 1.8615902103850552, 2.3692966313991612
880, 4118968, 3236332, 1.8617420674304825, 2.369489904002432
881, 4118604, 3236046, 1.8619066071902033, 2.369699318242077
882, 4117988, 3235562, 1.8621851253573347, 2.3700537959093353
883, 4117540, 3235210, 1.8623877363668597, 2.3703116644669127
884, 4116784, 3234616, 1.8627297424397296, 2.370746944923292
885, 4116196, 3234154, 1.862995834017622, 2.371085606931519
886, 4115272, 3233428, 1.8634141315567962, 2.371617985617741
887, 4114712, 3232988, 1.8636677366483974, 2.371940755734324
888, 4113928, 3232372, 1.8640228997687855, 2.3723927815239088
889, 4113396, 3231954, 1.864263980419099, 2.3726996114424894
890, 4112752, 3231448, 1.864555898337658, 2.3730711433388376
891, 4112192, 3231008, 1.8648098143277356, 2.3733943091443908
892, 4111772, 3230678, 1.8650002967090589, 2.3736367412660746
893, 4111324, 3230326, 1.8652035208122737, 2.3738953901247117
894, 4110792, 3229908, 1.8654449069668326, 2.3742026088668777
895, 4110176, 3229424, 1.865724484790919, 2.374558435188442
896, 4109532, 3228918, 1.8660168603140213, 2.3749305494905726
897, 4108916, 3228434, 1.8662966096167457, 2.3752865940576764
898, 4108412, 3228038, 1.8665255578067632, 2.3755779826631533
899, 4107936, 3227664, 1.8667418382370125, 2.3758532486652886
900, 4106928, 3226872, 1.8672000093500543, 2.3764363755364326
901, 4106340, 3226410, 1.8674673797103991, 2.3767766650859623
902, 4105752, 3225948, 1.8677348266529494, 2.377117052103754
903, 4105360, 3225640, 1.8679131671765692, 2.3773440309519973
904, 4104744, 3225156, 1.8681934853915372, 2.377700799589229
905, 4103876, 3224474, 1.8685886220733765, 2.378203700820661
906, 4103204, 3223946, 1.8688946491570977, 2.378593189836306
907, 4102728, 3223572, 1.869111478996414, 2.378869155086345
908, 4101972, 3222978, 1.869455959231316, 2.3793075844762206
909, 4101720, 3222780, 1.8695708141950207, 2.379453763520935
910, 4101468, 3222582, 1.8696856832724282, 2.379599960528545
911, 4100768, 3222032, 1.870004838118128, 2.3800061576048903
912, 4100096, 3221504, 1.8703113292957043, 2.3803962372854417
913, 4099788, 3221262, 1.870451837997477, 2.3805750665422436
914, 4099144, 3220756, 1.8707456971504295, 2.3809490691005464
915, 4098472, 3220228, 1.8710524312475478, 2.3813394579514244
916, 4097940, 3219810, 1.8712953337530565, 2.381648606594799
917, 4097492, 3219458, 1.8714999321536199, 2.3819090045591524
918, 4097128, 3219172, 1.8716662013000327, 2.3821206198364053
919, 4096736, 3218864, 1.8718452934238379, 2.3823485552667027
920, 4096064, 3218336, 1.8721523882439337, 2.382739403219552
921, 4095672, 3218028, 1.8723315734267783, 2.382967457088627
922, 4095168, 3217632, 1.8725620047822213, 2.3832607333591906
923, 4094608, 3217192, 1.872818106153263, 2.3835866805586985
924, 4094132, 3216818, 1.8730358474030637, 2.3838638057857175
925, 4093628, 3216422, 1.8732664521544216, 2.384157302741991
926, 4093012, 3215938, 1.873548379530771, 2.3845161194027993
927, 4092648, 3215652, 1.873715012871862, 2.3847281982005515
928, 4092004, 3215146, 1.8740098983285451, 2.385103506963603
929, 4091472, 3214728, 1.8742535693755207, 2.3854136337506624
930, 4091052, 3214398, 1.8744459860202216, 2.3856585276621005
931, 4090492, 3213958, 1.8747026030120582, 2.385985131106256
932, 4089708, 3213342, 1.875061984865423, 2.3864425261923565
933, 4088980, 3212770, 1.875395819984446, 2.3868674072529315
934, 4088336, 3212264, 1.8756912347713104, 2.3872433897089405
935, 4087664, 3211736, 1.8759995929215316, 2.387635845536495
936, 4087160, 3211340, 1.8762309280771978, 2.387930272098252
937, 4086684, 3210966, 1.8764494636727478, 2.38820840831077
938, 4086292, 3210658, 1.8766294723920856, 2.3884375103171998
939, 4085452, 3209998, 1.8770153216828884, 2.388928591232767
940, 4085032, 3209668, 1.8772083058345688, 2.389174207425815
941, 4084500, 3209250, 1.8774528094013956, 2.3894853937835943
942, 4084052, 3208898, 1.8776587565486433, 2.389747508334637
943, 4083688, 3208612, 1.8778261218780672, 2.3899605187539037
944, 4083100, 3208150, 1.878096544292327, 2.390304692735689
945, 4082708, 3207842, 1.878276869176047, 2.3905341971331504
946, 4082176, 3207424, 1.8785216511977925, 2.3908457378880996
947, 4081616, 3206984, 1.8787793854198924, 2.391173763261681
948, 4080916, 3206434, 1.8791016526681754, 2.391583921577678
949, 4080524, 3206126, 1.8792821706231846, 2.391813671702235
950, 4080076, 3205774, 1.8794885193315027, 2.3920762973310032
951, 4079712, 3205488, 1.8796562110266608, 2.392289723124841
952, 4079320, 3205180, 1.879836835551023, 2.3925196088831204
953, 4078788, 3204762, 1.8800820243660616, 2.3928316673749874
954, 4078284, 3204366, 1.8803143675133953, 2.3931273768352304
955, 4077920, 3204080, 1.8804822066151372, 2.3933409902374474
956, 4077640, 3203860, 1.8806113340069255, 2.3935053341906327
957, 4077304, 3203596, 1.880766310287386, 2.3937025767294005
958, 4076968, 3203332, 1.8809213121123345, 2.393899851779335
959, 4076436, 3202914, 1.881166783925959, 2.3942122704512205
960, 4075904, 3202496, 1.8814123198191126, 2.3945247706788706
961, 4075260, 3201990, 1.8817096332503938, 2.3949031695914105
962, 4074700, 3201550, 1.8819682430608389, 2.3952323093501584
963, 4074140, 3201110, 1.8822269239643212, 2.3955615395909544
964, 4073524, 3200626, 1.882511555105604, 2.395923797407132
965, 4072936, 3200164, 1.8827833287829714, 2.396269691178327
966, 4072488, 3199812, 1.8829904471173395, 2.3965332963311594
967, 4072040, 3199460, 1.883197611025432, 2.3967969594869136
968, 4071368, 3198932, 1.8835084423712127, 2.3971925630179074
969, 4071060, 3198690, 1.8836509410325566, 2.397373924950527
970, 4070500, 3198250, 1.8839100847561725, 2.3977037442351286
971, 4069660, 3197590, 1.8842989340632879, 2.3981986433532754
972, 4068960, 3197040, 1.8846230977940308, 2.398611215374221
973, 4068400, 3196600, 1.8848825090944843, 2.398941375211162
974, 4067952, 3196248, 1.885090089558579, 2.3992055685291005
975, 4067644, 3196006, 1.885232827651584, 2.399387235192925
976, 4067336, 3195764, 1.8853755873623423, 2.399568929370254
977, 4066860, 3195390, 1.8855962585385284, 2.3998497835944907
978, 4066356, 3194994, 1.8858299666827008, 2.4001472303234372
979, 4066020, 3194730, 1.885985804300028, 2.4003455691091267
980, 4065656, 3194444, 1.8861546574525734, 2.400560473121457
981, 4065236, 3194114, 1.8863495255871985, 2.4008084871109796
982, 4064816, 3193784, 1.8865444339916002, 2.4010565523529457
983, 4064312, 3193388, 1.8867783772505655, 2.4013542983189016
984, 4063780, 3192970, 1.887025380310942, 2.40166866585029
985, 4063444, 3192706, 1.887181415567681, 2.4018672561770487
986, 4062828, 3192222, 1.8874675472355709, 2.402231423754363
987, 4062212, 3191738, 1.8877537656823424, 2.402595701777527
988, 4061652, 3191298, 1.8880140396075291, 2.402926959500492
989, 4061232, 3190968, 1.8882092921556808, 2.4031754627435937
990, 4060896, 3190704, 1.8883655232736816, 2.403374302348322
991, 4060224, 3190176, 1.888678063082234, 2.4037720802864797
992, 4059916, 3189934, 1.888821345072164, 2.4039544391827543
993, 4059468, 3189582, 1.8890297940518315, 2.404219737884149
994, 4059020, 3189230, 1.889238289045139, 2.4044850951483587
995, 4058712, 3188988, 1.8893816560524619, 2.404667562248588
996, 4058068, 3188482, 1.8896814937551565, 2.405049173870199
997, 4057844, 3188306, 1.88978580743863, 2.4051819367400746
998, 4057564, 3188086, 1.8899162157392957, 2.4053479109409217
999, 4057004, 3187646, 1.8901770863425327, 2.4056799280723142
1000, 4056332, 3187118, 1.8904902261451972, 2.406078469639342
